date,product with quantity,price
10-03-2015,Domex Thick Toilet Spilt - Yellow 500ml,Rs.67.00
10-03-2015,Duracell Battery - 9V 1 Pc,Rs.190.00
10-03-2015,Duracell Battery - AA 6 Pcs,Rs.190.00
10-03-2015,Duracell Battery - AAA 6 Pcs,Rs.190.00
10-03-2015,Duracell Battery - C 2 Pcs,Rs.190.00
10-03-2015,Duracell Battery - D 2 Pcs,Rs.310.00
10-03-2015,Duracell Battery - Ultra AA 2 Pcs,Rs.60.00
10-03-2015,Duracell Battery - Ultra AAA 2 Pcs,Rs.85.00
10-03-2015,"Eveready Red Battery - AAA, 1.5 V 1Pouch",Rs.110.00
10-03-2015,Exo Dish Shine  Round box 500g,Rs.42.00
10-03-2015,Exo Dish Shine Bar 1x4Nos,Rs.40.00
10-03-2015,Ezee Liquid Detergent 200g,Rs.42.00
10-03-2015,Floor Mop - Refill Pack 1,Rs.52.00
10-03-2015,Floor Mop - Twister 1,Rs.175.00
10-03-2015,Floor Mop Advanced (Gala) - Twister ,Rs.449.00
10-03-2015,Garbage Bags Natraj Medium 30s,Rs.52.00
10-03-2015,Garbage Bags Natraj Small  30s,Rs.40.00
10-03-2015,Genteel Liquid Detergent 1kg,Rs.310.00
10-03-2015,Globe Suitcase Lock 1No.,Rs.135.00
10-03-2015,Good Home Room Spray - Floral Bouquet 160g,Rs.120.00
10-03-2015,Good Home Room Spray - Jasmine 160g,Rs.115.00
10-03-2015,Good Home Room Spray - Lavender 160g,Rs.120.00
10-03-2015,Good Home Room Spray - Rose 160g,Rs.120.00
10-03-2015,Good Home Room Spray - Sandal 160g,Rs.120.00
10-03-2015,Good Knight - XPRESS System 1 Machine+Cartridge,Rs.81.00
10-03-2015,Good Knight Activ + System Mac 1 Pcs,Rs.72.00
10-03-2015,Good Knight Advanced Activ + (33% longer protection) 45ml,Rs.75.00
10-03-2015,Good Knight Advanced Activ + Cartridge 45ml,Rs.66.00
10-03-2015,Good Knight Advanced Spray 225ml,Rs.84.00
10-03-2015,Good Knight Coil Low Smoke 1 Pcs,Rs.32.00
10-03-2015,Good Knight Coil Maha Jumbo 1 Pcs,Rs.32.00
10-03-2015,Good Knight Liquid 45 1 pcs,Rs.65.00
10-03-2015,Good Knight Liquid 60 1 pcs,Rs.72.00
10-03-2015,Good Knight Liquid 90 1 pcs,Rs.99.00
10-03-2015,Good Knight Mat  30'S 1 Pack,Rs.54.00
10-03-2015,Good Knight Naturals Cream 50g,Rs.36.00
10-03-2015,Good Knight Silver Power 30N Refill + 1Mac,Rs.54.00
10-03-2015,Henko Stain Champion 1Kg,Rs.135.00
10-03-2015,Hit Anti Roach Gel 20g,Rs.99.00
10-03-2015,Hit Chalk 1 Pcs,Rs.15.00
10-03-2015,Ariel Matic - Front & Top Load 1Kg,Rs.195.00
10-03-2015,Ariel Matic - Front & Top Load (Container Free) 1Kg,Rs.230.00
10-03-2015,Harpic Bathroom Cleaner (Floral) 500ml,Rs.68.00
10-03-2015,Harpic Bathroom Cleaner (Lemon) 500ml,Rs.68.00
10-03-2015,Harpic Citrus 500ml,Rs.68.00
10-03-2015,Harpic Flushmatic Pine Sing(G) 1 Pc.,Rs.52.00
10-03-2015,Harpic Flushmatic Pine Twin(G) 1 Pc.,Rs.95.00
10-03-2015,Harpic Flushmatic Single (B) 1 Pc.,Rs.52.00
10-03-2015,Harpic Flushmatic Twin (B) 1 Pc.,Rs.95.00
10-03-2015,Harpic Orange 500ml,Rs.68.00
10-03-2015,Harpic Orginal 500ml,Rs.68.00
10-03-2015,Harpic Pine 500ml,Rs.68.00
10-03-2015,Harpic Plus Bleach 500ml,Rs.68.00
10-03-2015,Harpic Ultra 450ml,Rs.74.00
10-03-2015,New Paradise - Crackers Gift Box  - 50 items,"Rs.3,100.00"
10-03-2015,Premier Napkin - 1Ply 100 Pulls,Rs.32.00
10-03-2015,Premier Serviette 1Ply 100sheets,Rs.32.00
10-03-2015,Surf Excel Liquid Detergent 500ml,Rs.120.00
10-03-2015,Surf Excel Matic Powder Front Loading 1Kg,Rs.205.00
10-03-2015,Surf Excel Matic Powder Top Loading 1Kg,Rs.185.00
10-03-2015,Tupperware Aquasafe 500ml Bottle (3+1 Offer) 1Set,Rs.455.00
10-03-2015,Air Wick Aqua Mist Cool 1 Pc.,Rs.149.00
10-03-2015,Air Wick Aqua Mist Jasmine 1 Pc.,Rs.149.00
10-03-2015,Air Wick Aqua Mist Lavender 1 Pc.,Rs.120.00
10-03-2015,Air Wick Automatic Kit Lavender 1 Pc.,Rs.449.00
10-03-2015,Air Wick Automatic Kit Rose 1 Pc.,Rs.499.00
10-03-2015,Air Wick Automatic Kit Sandal 1 Pc.,Rs.449.00
10-03-2015,Air Wick Automatic Refill Lavender 1 Pc.,Rs.249.00
10-03-2015,Air Wick Automatic Refill Lemon 1 Pc.,Rs.249.00
10-03-2015,Air Wick Automatic Refill Rose 1 Pc.,Rs.249.00
10-03-2015,Air Wick Automatic Refill Sandal 1 Pc.,Rs.249.00
10-03-2015,Air Wick Electric Diffuser - Lavender 1 Pc.,Rs.199.00
10-03-2015,Air Wick Electric Diffuser - Rose 1 Pc.,Rs.199.00
10-03-2015,Air Wick Electric Diffuser - Sandal & Jasmine 1 pc,Rs.199.00
10-03-2015,Air Wick Gel Lavender 1 Pc.,Rs.44.00
10-03-2015,Air Wick Gel Lemon 1 Pc.,Rs.55.00
10-03-2015,Air Wick Gel Rose 1 Pc.,Rs.55.00
10-03-2015,Air Wick Refill - Lavender 1 Pc.,Rs.139.00
10-03-2015,Air Wick Refill - Rose 1 Pc.,Rs.139.00
10-03-2015,Air Wick Refill -Sandal-Jasmine 1 Pc.,Rs.139.00
10-03-2015,Vim Drop Dishwash Active Gel - Lemon (Pouch) 140g,Rs.20.00
10-03-2015,Vim Drop Dishwash Active Gel - Lime 500ml,Rs.104.00
10-03-2015,Wipro Safewash Liquid Detergent 500g,Rs.160.00
10-03-2015,Wipro Smartlite  20W - 1 Pc.,Rs.210.00
10-03-2015,Wipro Smartlite 5W - 1 Pc.,Rs.150.00
10-03-2015,Wipro Twister 15W - 1 Pc.,Rs.250.00
10-03-2015,Titan - Crackers Gift Box - 46 items,"Rs.1,740.00"
10-03-2015,Ambipur Aerosol - Ocean blue 300ml,Rs.140.00
10-03-2015,Diamond - Crackers Gift Box - 43 items,"Rs.1,470.00"
10-03-2015,Tide - Jasmine & Rose (Big Pack) 2Kgs,Rs.192.00
10-03-2015,Tide Naturals (Lemon & Chandan) 1Kg,Rs.62.00
10-03-2015,Tide Plus 500g,Rs.48.00
10-03-2015,Ambipur Aerosol - Pink 300ml,Rs.140.00
10-03-2015,Rin New Powerful 1Kg,Rs.75.00
10-03-2015,Rin New Powerful 500gm,Rs.38.00
10-03-2015,Rin New Powerful Lemon & Rose Powder 1kg,Rs.75.00
10-03-2015,Ambipur Air Effects Blossoms & Breeze 275g,Rs.250.00
10-03-2015,Ambipur Air Effects Lavender Vanilla & Comfort 275g,Rs.250.00
10-03-2015,Ambipur Air Effects Spring and Renewal 275g,Rs.230.00
10-03-2015,Ambipur Air Effects Hawaiian Flowers 275g,Rs.250.00
10-03-2015,Ambipur Air Effects New Zealand Springs 275g,Rs.250.00
10-03-2015,Ambipur Air Effects Sweet Citrus & Zest 275g,Rs.250.00
10-03-2015,Ambipur Air Effects Thai Dragon Fruit 275g,Rs.250.00
10-03-2015,Ambipur Blossoms & Breeze Refill 1 Pcs,Rs.160.00
10-03-2015,Ambipur Car Refill Aqua 1 Pcs,Rs.149.00
10-03-2015,Ambipur Car Refill Aromatherapy Lavender 1 Pcs,Rs.175.00
10-03-2015,Ambipur Car Refill Pacific 1 Pcs,Rs.130.00
10-03-2015,Ambipur Car Refill Vanilla Bouquet 1 Pcs,Rs.149.00
10-03-2015,Ambipur Car Starter Aqua - 45days 1Pcs,Rs.250.00
10-03-2015,Ambipur Lavender Vanilla & Comfort 1 Pcs,Rs.250.00
10-03-2015,Ambipur Lavender Vanilla & Comfort Refill 1 Pcs,Rs.160.00
10-03-2015,Ambipur Spring & Renewal 1Pc.,Rs.220.00
10-03-2015,Ambipur Spring & Renewal Refill ,Rs.199.00
10-03-2015,Ambipur Sweet Citrus & Zest 1 Pc.,Rs.199.00
10-03-2015,Ambipur Sweet Citrus & Zest refill 1Pc.,Rs.160.00
10-03-2015,All Out Ultra Liquid 45ml Refill,Rs.63.00
10-03-2015,Ambika Camphor 1pc.,Rs.40.00
10-03-2015,Ambipur Aerosol -  Lavender Breeze 300ml,Rs.140.00
10-03-2015,Ariel 24 Hrs Fresh 1Kg,Rs.199.00
10-03-2015,Ariel Complete+ Colour & Style 500g,Rs.94.00
10-03-2015,Ariel Complete+ Morning Breeze 500g,Rs.94.00
10-03-2015,Artline Whiteboard Marker Pen - Black 1No.,Rs.35.00
10-03-2015,Brooms-Bison 1no,Rs.110.00
10-03-2015,Cello Liquiball Pen 10Nos. Pack,Rs.100.00
10-03-2015,Cheeta - Safety Matches ,Rs.10.00
10-03-2015,Cherry Handy Shine 1 Pc.,Rs.60.00
10-03-2015,Cherry Liquid Black 75ml,Rs.64.00
10-03-2015,Cherry Liquid Dark Tan 75ml,Rs.64.00
10-03-2015,Cherry Polish Black 15g,Rs.24.00
10-03-2015,Cherry Polish Dark Tan 15g,Rs.20.00
10-03-2015,Cherry Shoe White 120ml,Rs.33.00
10-03-2015,Cif Surface Cleaner - Cream 500ml,Rs.92.00
10-03-2015,Cif Surface Cleaner - Lemon 500ml,Rs.92.00
10-03-2015,Colin Citrus 250ml,Rs.41.00
10-03-2015,Colin Glass Cleaner 250ml,Rs.45.00
10-03-2015,Colin Kitchen Cleaner 400ml,Rs.75.00
10-03-2015,Colin Multi Citrus 500ml,Rs.41.00
10-03-2015,Colin Multi Floral 500ml,Rs.41.00
10-03-2015,Colin Multi Lavender 500ml,Rs.41.00
10-03-2015,Comfort Fabric Conditioner After Wash Blue 800ml,Rs.165.00
10-03-2015,Comfort Fabric Conditioner After Wash Green 800ml,Rs.160.00
10-03-2015,Comfort Fabric Conditioner After Wash Pink 800ml,Rs.165.00
10-03-2015,Cycle Agarbatti - Three in One 1 box,Rs.50.00
10-03-2015,Cycle Brand - Sandalum 1pc.,Rs.50.00
10-03-2015,Dettol Disinfectant Multiuse Hygiene Liquid - Fresh Fragrance 200ml,Rs.41.00
10-03-2015,Dettol Healthy Kitchen Dish & Slab Gel Lemon Fresh 750ml,Rs.150.00
10-03-2015,Dettol Healthy Kitchen Dish & Slab Gel Lemon Fresh  200 ml,Rs.52.00
10-03-2015,Dettol Healthy Kitchen Dish & Slab Gel Lemon Splash 750ml,Rs.150.00
10-03-2015,Dheepam Lamp Oil  1Ltr,Rs.138.00
10-03-2015,Domex - Floor Cleaner 500 ml,Rs.68.00
10-03-2015,Domex - Toilet Export Original 1 Ltr,Rs.123.00
10-03-2015,Domex - Toilet Export Original 500ml,Rs.67.00
10-03-2015,Domex - Zero Stain Toilet - Fresh Power 450ml,Rs.68.00
10-03-2015,Domex - Zero Stain Toilet - Lemon Power 450ml,Rs.68.00
10-03-2015,Domex Thick Toilet Spilt 500ml,Rs.67.00
10-03-2015,Hit Cock 150ml,Rs.59.00
10-03-2015,Hit Fik 200ml,Rs.89.00
10-03-2015,Kiwi - Shoe Shine Brush - 2 in 1 1 Pc.,Rs.65.00
10-03-2015,Kiwi Dranex Drain Cleaner 375g,Rs.125.00
10-03-2015,Kiwi Shoe Polish - Black 15gm,Rs.24.00
10-03-2015,Kumkum 40g,Rs.8.00
10-03-2015,Lizol Disinfectant Surface Cleaner Citrus/Lemon 200ml,Rs.29.00
10-03-2015,Lizol Disinfectant Surface Cleaner Floral 200ml,Rs.29.00
10-03-2015,Lizol Disinfectant Surface Cleaner Jasmine 200ml,Rs.29.00
10-03-2015,Lizol Disinfectant Surface Cleaner Lavender 200ml,Rs.29.00
10-03-2015,Lizol Disinfectant Surface Cleaner Pine 200ml,Rs.29.00
10-03-2015,Lizol Disinfectant Surface Cleaner Sandal 200ml,Rs.29.00
10-03-2015,Mangaldeep Puja Agarbatties 5in1 90Sticks,Rs.60.00
10-03-2015,Marvel (Soundless & Colorful) - Crackers Gift Box - 30 items,"Rs.2,000.00"
10-03-2015,Mortein Coil Green 1 Box,Rs.24.00
10-03-2015,Mortein Fik 425ml,Rs.160.00
10-03-2015,Mortein Liquid Cordless Machine 1 Pc.,Rs.66.00
10-03-2015,Mortein Liquid Refill  60N 1 Pc.,Rs.72.00
10-03-2015,Mortein Liquid Refill 45N 1 Pc.,Rs.49.00
10-03-2015,Mortein NaturGard 250ml,Rs.92.00
10-03-2015,Mortein NaturGard Cik  225ml,Rs.82.00
10-03-2015,Mortein NaturGard Liquid 45N 1 Pc.,Rs.63.00
10-03-2015,Mortein NaturGard Low Smoke Coil 1 Box,Rs.31.00
10-03-2015,Mortein NaturGard Machine 1 Pc.,Rs.72.00
10-03-2015,Mortein Rat Kill 100g,Rs.40.00
10-03-2015,Mothball - Andhurundai 100g,Rs.30.00
10-03-2015,Mr Muscle Floor Cleaner - Citrus 1 Ltr,Rs.130.00
10-03-2015,Mr Muscle Floor Cleaner Floral Perfection 1 Ltr,Rs.130.00
10-03-2015,Mr Muscle Glass & Household Cleaner 500ml,Rs.64.00
10-03-2015,Mr Muscle Kitchen Cleaner 500ml,Rs.85.00
10-03-2015,Mr Muscle Toilet Cleaner - 5 in 1  500ml,Rs.70.00
10-03-2015,Mr Muscle Toilet Cleaner - Visible Power  500ml,Rs.70.00
10-03-2015,Odomos Cream 25g,Rs.24.00
10-03-2015,Odomos Lotion 60ml,Rs.42.00
10-03-2015,Odomos Naturals 25g,Rs.25.00
10-03-2015,Odomos Naturals 50g,Rs.45.00
10-03-2015,Odomos Naturals Rose 25g,Rs.22.00
10-03-2015,Odonil Gel Citrus 75g,Rs.71.00
10-03-2015,Odonil Gel Jasmine 75g,Rs.71.00
10-03-2015,Odonil Gel Lavender 75g,Rs.71.00
10-03-2015,Scotch Brite - Non Scratch 1No.,Rs.30.00
10-03-2015,Scotch Brite - Pad Scrub 7.5x10cm 12Nos,Rs.120.00
10-03-2015,Scotch Brite - Pad Steel Scrub 6 Nos,Rs.168.00
10-03-2015,Scotch Brite - Premium Kitchen Towel 3Nos,Rs.85.00
10-03-2015,Scotch Brite - Scrub Cloth Singles 1Nos,Rs.149.00
10-03-2015,Scotch Brite - Scrub Pad 3Nos,Rs.75.00
10-03-2015,Scotch Brite - Scrub Pad (small) 3Nos.,Rs.30.00
10-03-2015,Scotch Brite - Scrub Pad 10cm x 14cm 3Nos. Pouch,Rs.75.00
10-03-2015,Scotch Brite - Scrub Pad 10cm x 14cm 1Nos,Rs.28.00
10-03-2015,Scotch Brite - Scrub Sponge 1No.,Rs.25.00
10-03-2015,Scotch Brite - Sponge Wipe (175mm x 150mm) 1's Pack,Rs.40.00
10-03-2015,Scotch Brite - Sponge Wipe (200mm x 175mm) 3's Pack,Rs.120.00
10-03-2015,Scotch Brite - Sponge Wipe (200mm x 175mm) 1's Pack,Rs.45.00
10-03-2015,Scotch Brite - Squeegee 1Nos,Rs.219.00
10-03-2015,Scotch Brite - Stainless Steel Scrub 1Nos,Rs.28.00
10-03-2015,Scotch Brite - Thick Pad (Strong) 1Nos,Rs.22.00
10-03-2015,Scotch Brite - Trendy Sponge Wipe 2's Pack,Rs.99.00
10-03-2015,Stainless Steel Spoon 1No.,Rs.28.00
10-03-2015,Sugandhi Sambrani (Dhuna) 20Pcs.,Rs.16.00
10-03-2015,Surf Excel Bar 250g,Rs.27.00
10-03-2015,Surf Excel Bar + Quick Dry Net  - 200g,Rs.27.00
10-03-2015,Surf Excel Easy Wash Powder 500g,Rs.55.00
10-03-2015,Surf Excel Easy Wash Powder (Big Pack) 1.5 Kgs,Rs.207.00
10-03-2015,Surf Excel Quick Wash 200g,Rs.38.00
10-03-2015,Surf Excel Quick Wash (Big Pack) 1Kg,Rs.185.00
10-03-2015,Tide Detergent Bar 155g,Rs.10.00
10-03-2015,Tupperware Aquasafe 500ml Bottle (Green) 1No.,Rs.150.00
10-03-2015,Tupperware Aquasafe 500ml Bottle (Orange) 1No.,Rs.150.00
10-03-2015,Tupperware Aquasafe 500ml Bottle (Pink) 1 No.,Rs.150.00
10-03-2015,Tupperware Aquasafe 500ml Bottle (Yellow) 1No.,Rs.150.00
10-03-2015,Vanish Crystal 240g,Rs.85.00
10-03-2015,Vanish Liquid 180ml,Rs.35.00
10-03-2015,Vanish Shakti O2 Max  120g,Rs.49.00
10-03-2015,Vim Dishwash Bar 250g,Rs.26.00
10-03-2015,Vim Dishwash Bar - Anti Germ (Lemon & Neem) 130g x 3,Rs.30.00
10-03-2015,Vim Dishwash Bar - Scrubber Free 500g,Rs.42.00
10-03-2015,Vim Dishwash Concentrated Gel - Yellow (Lemon) 1.5Ltr.,Rs.280.00
10-03-2015,Vim Dishwash Concentrated Gel - Yellow (Lemon) 750ml,Rs.149.00
10-03-2015,Vim Dishwash Liquid - Antigerm 500ml,Rs.117.00
10-03-2015,Vim Drop Dishwash Active Gel - Lemon 500ml,Rs.105.00
10-03-2015,Odonil Gel Rose 75g,Rs.71.00
10-03-2015,Odonil Hanger Jasmine Mist 50g,Rs.44.00
10-03-2015,Odonil Hanger Lavender 50g,Rs.44.00
10-03-2015,Odonil Hanger Orchid 50g,Rs.38.00
10-03-2015,Odonil Hanger Rose 50g,Rs.37.00
10-03-2015,Padmini Gulistan  20 Stick,Rs.15.00
10-03-2015,Padmini Gulistan (Flat) 20 Stick,Rs.15.00
10-03-2015,Padmini Incense 20 Stick,Rs.20.00
10-03-2015,Padmini Lyrics Incense  100 Sticks,Rs.60.00
10-03-2015,Pitambari 200g,Rs.28.00
10-03-2015,Premier Kitchen Towels Single's,Rs.65.00
10-03-2015,Premier Kitchen Towels 4 in 1,Rs.220.00
10-03-2015,Premier Toilet Roll 4 in 1,Rs.180.00
10-03-2015,Premier Toilet Roll 10+2 Offer Pack,Rs.295.00
10-03-2015,Pril Dishwash Bar - Lime + Vinegar 145*3,Rs.30.00
10-03-2015,Pril Dishwash Bar - Lime + Vinegar 400g x 3,Rs.82.00
10-03-2015,Pril Dishwash Liquid - Lime 2Ltrs.,Rs.350.00
10-03-2015,Pril Dishwash Liquid - Lime 750ml,Rs.150.00
10-03-2015,Revive Instant Starch - Jar 400g,Rs.95.00
10-03-2015,Revive Instant Starch - Jar 200g,Rs.52.00
10-03-2015,Revive Liquid 430g,Rs.96.00
10-03-2015,Reynolds Permanent Marker Pen - Blue 1No.,Rs.20.00
10-03-2015,Reynolds Trimax - Pen ,Rs.45.00
10-03-2015,Rin Bar 250g,Rs.14.00
10-03-2015,Rin Fabric Whitener Ala 500ml,Rs.52.00
10-03-2015,Robin Dazzling 200ml,Rs.42.00
10-03-2015,Robin Fabric Stain Remover 1 Nos,Rs.55.00
10-03-2015,Robin Liquid Blue 150ml,Rs.29.00
10-03-2015,Royal Napkin 1Ply 100Pcs,Rs.32.00
10-03-2015,Rubber band 20g,Rs.55.00
10-03-2015,Sabeena 450g,Rs.12.00
10-03-2015,Sabeena 1Kg,Rs.22.00
10-03-2015,Scotch Brite - Floor Cloth Singles 1Pcs,Rs.40.00
10-03-2015,Scotch Brite - Floor Squeegee 1No.,Rs.399.00
10-03-2015,Scotch Brite - HD Outdoor Gloves (Medium) 1Pair,Rs.120.00
10-03-2015,Scotch Brite - Heavy Duty 1No.,Rs.30.00
10-03-2015,Scotch Brite - Heavy Duty 1No.,Rs.25.00
10-03-2015,Scotch Brite - Kitchen Gloves (Large) 1Pair,Rs.75.00
10-03-2015,Scotch Brite - Kitchen Gloves (Medium) 1Pair,Rs.75.00
10-03-2015,Scotch Brite - Kitchen Gloves (Small) 1Pair,Rs.75.00
